trial,r1_mm,r2_mm,r3_mm,r4_mm,Vwork_V,initialTmax_K,lifetimeH,initialP03sphere_W,initialPradSphere_W,lifeAvgP03sphere_W,lifeAvgPradSphere_W,selfViewLoss_pct,failureReached,erosionSteps,status,elapsed_sec
0,2.5,2.5,2.5,2.5,0.634765625,3196.221777601145,115.50383917184271,504.07104441598096,527.8339051595119,428.5720812344405,449.77123155973834,-5.654732132504514,True,13,OK,431.2
1,2.865880839481802,1.2993577323809704,3.5898384168055575,1.4870967145481266,1.07421875,3220.656706014399,52.44755618516575,579.4750951224117,610.4016090474162,523.0529962146591,552.6819638794068,7.775106934815456,True,12,OK,280.2
2,3.9961042772651982,1.4563364763215052,1.741931594710461,1.968732839241455,0.87890625,3199.635322346057,55.48314784896823,496.899024789636,526.0203605734058,451.0577123721655,478.6138106612949,-1.7311200842132113,True,15,OK,393.4
3,2.3436177470443864,3.2581255697136156,1.7890046869708554,2.3856939991778567,0.78125,3229.8723076229203,80.25844546171237,561.3352818794689,589.0433305713536,481.72281030484845,507.2457289043108,1.8965880627069054,True,15,OK,271.1
4,1.2641477063629614,2.041952324720782,4.204679924187244,1.2462054466264432,1.123046875,3266.9750078753436,62.02718982808589,538.8498431352456,568.2309824585819,452.08788263827,479.34259058680817,4.281732018945183,True,12,OK,286.7
5,2.476077730521817,0.8073770199793963,1.8282454497987468,3.856773262108274,1.171875,3262.1686657253435,46.27545340418705,415.5599149694522,440.5414227777399,347.01415423743873,370.3045787322482,2.389400980529355,True,11,OK,246.5
6,0.8564025763404907,1.881358970374112,4.393699301418042,1.1926732580840569,1.07421875,3260.5608957787485,29.12416051909452,350.5216122965418,375.830664199626,316.1396468920079,340.3683598849336,2.3490319261646686,True,11,PRUNE_LIFETIME,265.9
7,3.167053545847632,1.995151996820619,1.6788323001055403,2.858437065152734,0.830078125,3237.886636007398,61.343679690790104,577.0699242382404,605.7968311063037,501.6339462142592,528.5393086465632,1.3415331411375742,True,12,OK,266.6
8,1.2822718042833827,3.0435105677886654,2.1843998243912366,3.053067285681416,0.78125,3206.2340417704017,68.56824891283675,420.2128435602518,444.2477103589468,365.42850964105224,388.0389446243314,0.8458992115131903,True,12,OK,202.9
9,4.357239158359167,1.4714887346991845,1.5826549267356773,1.159478849912397,0.87890625,3223.2411067286357,48.5949076115245,356.9777680547121,383.29712243016576,320.72108333505196,345.8972064294935,-3.1862669253990505,True,12,OK,390.7
10,3.2581045096763686,0.8614250523318412,3.1331732879425807,1.9559977073004646,1.220703125,3268.2021614971572,36.454779269571205,494.16020555932914,523.0679627051566,423.70188148071003,450.97787104534757,6.299048795930407,True,11,OK,248.0
11,3.169793953649224,2.577353204933191,0.9757045277112618,2.712500216227305,1.025390625,3245.8256309202625,63.979579900054645,450.6164848972093,476.73806437298305,378.1975798495829,402.54514855363124,2.4921358063776933,True,12,OK,243.3
12,3.2782173943662523,1.4421576363689548,1.1922732815308232,3.2790176103956763,1.025390625,3212.02903158842,62.989012038140096,505.9186458382269,534.2931403557653,439.94533058287107,466.732705720893,2.293583324704962,True,12,OK,233.3
13,1.9452344516933497,4.337702858631557,0.8055586623363653,1.3234319324014125,1.07421875,3256.7851844716633,16.030662706795262,328.748589973629,353.45032533770774,311.90824209569786,335.9717426379422,0.6326701794931666,True,17,PRUNE_LIFETIME,337.5
14,3.673460495814946,1.170100484330317,2.706511847465284,1.676707029205467,1.123046875,3259.0060995786,51.8110158305914,592.9036372330083,624.2489691646228,505.90320232001403,534.9713683194228,5.678600617093821,True,15,OK,352.0
15,3.851213736596514,1.1019234505350572,2.716340383853075,1.255154326471514,1.123046875,3264.3104800047545,21.76485491617176,486.88180927820304,516.4768165721548,450.8424190854672,479.4074474790615,5.6154003610953795,True,13,PRUNE_LIFETIME,399.9
16,3.699228530554118,1.230647951114614,2.802306321161235,1.3958127315408777,1.025390625,3203.348166397077,44.680426206512244,499.69611573165105,529.4741833326899,458.919711659019,487.4627671885457,5.546406858890851,True,13,OK,303.3
17,2.8941947913192347,1.743568129731751,3.3362438534683747,1.5662323062300907,0.87890625,3245.662240607607,41.8960132780074,548.9066501952739,578.3288938375756,496.6591721059315,524.8192791870287,5.564348013939946,True,12,OK,260.8
18,2.030889069397075,3.9960204254666642,1.3861502098869976,1.7279750989776836,0.87890625,3218.2816958933436,40.581419518615824,471.82507195880885,499.80504041694866,437.7666122833007,464.7255556143076,1.19234686490719,True,14,OK,314.9
19,4.446223634409944,1.0983589273608922,1.344668156748979,1.4888151690946598,1.025390625,3247.123183511755,21.700207856266868,406.2611946476206,434.02885201043995,379.1078498546719,405.9032218110571,-3.2705961224285707,True,14,PRUNE_LIFETIME,377.8
20,3.6231270514237695,1.705771518104187,2.175701638168751,2.05660309222165,0.830078125,3259.1818210711617,38.79114080504104,562.9820273519447,592.3091316903487,509.511663745474,537.2620799003765,-0.2756000956091409,True,14,OK,387.1
21,3.6486173485518387,1.6325234970102223,2.198969028286916,2.0462144775636206,0.830078125,3218.2418682777734,57.32578210653145,541.0340841785364,570.0267436632195,491.1296090366352,518.6674964290709,0.05073115018391361,True,14,OK,371.8
22,2.8702874865539223,2.1969871484826005,3.124959063237533,1.4728638996946923,0.78125,3262.6887994051044,46.112369489391796,487.0954545742855,514.1472837335427,429.7216330400247,455.399273583448,2.1620105694173275,True,12,OK,238.8
23,3.5245734292703106,1.2821584308243146,2.4007903638436954,2.273688089607524,0.9765625,3260.4883127405496,61.15256296565006,564.7965312458232,594.0516358069135,482.1374406342412,509.49257713389846,2.1888639364323614,True,12,OK,378.2
24,4.162816735410296,0.9955775768075943,1.95423330785458,1.6913764496461554,1.123046875,3239.0274426317474,48.191102711295564,486.16161036934335,515.4897149615459,432.3316723803336,459.9256660577829,0.598682784990634,True,17,OK,359.7
25,2.8234125364967047,1.6632562648220888,3.469205794295544,1.4921566282094987,0.87890625,3190.843448419591,69.48358418507118,514.9500432502538,543.9577585333406,465.6261032688373,493.3808423536705,5.916935306028348,True,12,OK,258.5
26,3.507552695552354,1.307363507187123,2.6101942428582756,2.0432231308763895,0.9765625,3221.42490576532,92.19988024749316,571.1431687674458,601.1047683745763,481.325883732876,508.993113359425,4.270071584035485,True,12,OK,280.6
27,4.124080711542257,1.5510653309515565,1.9567125747591514,1.3256811545709846,0.87890625,3256.930137129117,35.15134731257967,429.8844174847929,457.79191503958157,388.37763196176775,415.13032362463963,-0.656378754783904,True,12,OK,273.0
28,1.9975906339399114,2.33259398757839,3.6072827446505706,1.5987958432692193,0.830078125,3253.9956813299796,42.821352861884534,540.0481034368735,567.8544925656585,484.29776817489494,510.78549516232596,2.797121749093623,True,12,OK,268.9
29,2.5577486723823197,2.6235313645931346,2.4267548961690526,2.384505311766383,0.634765625,3192.899307145055,105.10200644602246,502.4899665923646,526.6427351495659,438.1044644207087,460.12901241514186,-4.72052137706529,True,13,OK,596.0
30,3.402299319006696,1.8842765220075708,2.2364834636136006,2.2072614365952528,0.78125,3262.813851295005,43.01710103546582,572.8282157084349,601.4374126118441,513.2967069187048,540.184232523633,-1.3053881661035938,True,13,OK,570.1
31,3.3580786788730355,1.818382646628872,2.199978316515689,2.361543466421506,0.78125,3222.9348290080165,71.40908685330828,564.8241336711264,593.2329891493827,494.8897800376179,521.1864738709994,-1.0235503549953728,True,14,OK,467.0
32,4.002693356397327,1.3458612020604594,2.0608031208217144,1.7088575179495107,0.927734375,3215.2021881774094,44.066829230327414,498.53818283658086,527.8715017507218,459.3965473222571,487.50059086000323,0.8443350679633976,True,14,OK,357.1
33,3.0039709434508515,2.15348369154864,2.340367465023409,2.4210218276167903,0.68359375,3192.9786948998362,100.83252197708273,533.4843619339609,559.8709588193736,466.26201601597774,490.481981574159,-3.311474431172323,True,13,OK,658.8
34,3.8179338059674937,1.1416278717113162,2.608641655286876,1.5215307982701525,1.123046875,3265.6129335958717,26.26728969270353,553.6291125315599,584.4136925431765,506.8914231618634,536.3662530430289,5.391219032581141,True,14,PRUNE_LIFETIME,408.6
35,3.4776631267386864,1.9417575258216795,2.2970407193943907,1.964444150715686,0.78125,3269.1549370913526,37.1047106616267,560.5151817621293,589.3530136090903,506.8673885397165,534.2193247291515,-0.3923031369347241,True,12,OK,388.3
36,2.328158826313406,2.788996937032484,2.8689193056330144,1.889569946429237,0.68359375,3205.059385032679,78.52783994043676,496.8212303231519,521.7295839446772,442.2971773286577,465.7390876171182,-1.4735274646854313,True,12,OK,586.7
37,3.457080081390368,1.9474067303861786,2.0880420592511966,2.212755001372407,0.732421875,3186.333947627502,86.67186668988627,518.9515891236518,546.5555356017561,465.5500295727985,491.48255443261786,-2.650712204420924,True,13,OK,634.6
38,2.7010835694593145,2.3829467168499425,1.8377811944955762,2.9407945825251756,,,,,,,,,,,FAIL_EROSION_SOLVE,232.6
39,3.1033784846264885,2.1116080989400023,2.286301985074484,2.3838994212619085,0.732421875,3266.101465348528,46.795770543350486,577.6343705015851,605.121290835788,509.9905975640477,535.4532067893804,-2.8631408860123164,True,13,OK,635.4
40,3.0782544021004554,2.130251312314312,1.6750334101822304,2.8601822069766127,0.830078125,3262.4514372344356,49.61302531958174,589.987506643893,618.6697668624826,512.540560315529,539.4189342935543,1.3295820184712093,True,11,OK,327.8
41,3.0448689590802704,2.1315747313521487,1.5965865172533071,2.938719734785099,0.830078125,3229.0035013085662,68.05626415185473,565.9693522877086,594.2942114602386,488.38628008946165,514.8593122377781,1.6948589635294997,True,12,OK,287.4
42,2.3856612212060035,2.285339834605164,1.839334990648122,3.2714964725914335,0.78125,3242.5597829055837,68.16065934280502,572.606565728598,599.3210187390705,488.0248110992124,512.4692591394602,0.38571429731079077,True,11,OK,477.6
43,3.1214279325869434,1.7780548591222802,1.4687472670456163,3.1524577784902497,0.927734375,3264.146214480782,43.78722944153817,579.5278498658957,608.6779439833426,502.202434372573,529.5820078915866,2.3829087688304162,True,12,OK,304.0
44,2.686582804532821,2.075405734224658,2.959726309195826,2.171401401719642,0.732421875,3197.1888515011087,103.31080698850471,566.2469488036927,593.811389184054,495.7855588506986,521.3517233277804,1.395557492817101,True,13,OK,359.2
45,3.2830046022831056,1.4587403117698339,1.6816777697927094,3.043996938695999,0.927734375,3225.3323529182744,90.7003195325233,562.9955620052009,592.2244692388397,475.6851336927992,502.7357446233883,1.463451837045393,True,13,OK,313.2
46,2.934563758119628,2.453966137660286,2.4909384389488602,2.0400028034575044,0.68359375,3253.3917973074444,50.99924724041549,530.4116824734733,556.3821715638632,474.2384434215842,498.73600199018097,-2.819677550392763,True,12,OK,496.9
47,2.226636891314875,2.7330706263761657,1.1718011035046232,3.34653481668737,0.9765625,3235.7182214882773,55.44886055862344,510.0164849879559,536.6611293207682,435.1456614624969,460.1124107206343,5.361212731486598,True,11,OK,233.8
48,3.188406482248157,2.012746911408529,2.0239543051468654,2.5858311904010343,0.78125,3268.7377614331936,50.25457980237207,596.8252460756189,625.2882402161612,519.1681212983802,545.5831522853554,-0.7739206433108325,True,12,OK,387.6
49,1.5672945441696537,3.126991717090543,1.975990401503077,2.9767385753926874,0.830078125,3238.8557951994844,40.94605226593783,535.2999975259038,562.2123065650609,478.43645087588067,503.94485441206416,3.062779942885141,True,12,OK,229.5
50,3.171365903888921,1.9082743831059372,1.78575376673756,2.848159171643165,0.830078125,3253.380606578473,53.28859635684527,591.4065336385668,620.2867805290219,516.4792568767701,543.565856623573,0.7850419340216908,True,12,OK,361.8
51,3.1703019880929326,1.9994931830820373,1.5600845548756794,2.91844967349804,,,,,,,,,,,FAIL_EROSION_SOLVE,181.9
52,2.7834111308666696,1.8750876509767307,1.7608864376175268,3.261280075604785,0.830078125,3234.4671337566715,77.13363123124387,577.9937233063894,606.022546688072,493.20437171143,519.1946940817952,0.861028538884201,True,12,OK,343.2
53,2.5626661323115973,2.226695484433545,1.8449017644070933,3.1734692362765977,0.78125,3244.0206438968803,64.69186354241435,580.1056707338457,607.2756290369399,498.4707194927795,523.5560479352072,0.7712561157247944,True,12,OK,291.3
54,3.3625998526300913,2.0605846636920973,1.6883903567380902,2.5683167791615658,0.830078125,3265.25431733356,49.785087941286264,583.7168461605012,612.8740485502368,506.9541992550907,534.1863450279355,0.5712150441225528,True,12,OK,250.7
55,3.1302989830754675,1.5861672580901893,1.2902318235240522,3.3197294388978666,0.9765625,3217.8338496262345,63.884363092848155,528.1469952329942,556.5934363191465,458.8473312809614,485.7002366894234,2.2494299823122565,True,11,OK,237.2
56,3.01239375506429,2.481647780319422,2.0471037751317795,2.3614136216949726,0.68359375,3200.865989597825,95.3075753914859,525.3375462230214,551.64855109584,461.032460605595,485.44056995241306,-2.1405828627050427,True,13,OK,366.1
57,3.226640503703654,2.222369521957754,2.1139622075582056,2.276187284198717,0.68359375,3177.6714884835674,107.99509324312992,511.0918469619543,537.6704869948852,454.61984713487914,479.4996349982791,-2.9333173585382566,True,13,OK,532.4
58,3.792319711961203,2.1007837088758117,1.878460399275661,1.635972352806004,0.732421875,3171.46377639213,98.54947077373079,442.53252913868954,469.4939867771917,397.9699247782025,423.69223753859023,-2.3687058353970114,True,12,OK,336.4
59,3.3409158239604464,1.8315217081412214,1.501924147182943,2.86845490568127,0.87890625,3218.3096619617786,68.9633692879788,551.2297891983055,580.1324371897487,480.64524297152775,507.8844878091129,1.5140291150571916,True,12,OK,262.2
60,2.758700971228511,3.435492344492061,1.9040704807482576,1.4005273673236132,0.732421875,3204.8941274652248,82.64960333750763,408.426575492016,433.23629933482096,358.9288158483727,382.4355691774232,-0.7531480336472773,True,11,OK,270.5
61,3.610129170484843,1.722135976388393,2.239790355149589,1.9961348191497725,0.830078125,3261.1423198866755,37.682589344228184,562.4148824688357,591.7404569147034,512.040544462793,539.9616135946907,0.25231501952424074,True,13,OK,323.4
62,3.642244816535877,1.9285321707734329,2.2620227485705504,1.7023717125407067,0.78125,3243.1934312056055,46.60755711253797,507.5737416597812,535.8837728490284,458.7205939900329,485.7643602497969,-0.2995655347967974,True,12,OK,325.0
63,3.403756236335824,1.7198150108994203,1.9917500224752693,2.5474716210116606,0.830078125,3235.058404901919,60.940215200958555,582.8309333706067,612.0818458835855,508.27125558215454,535.3662312010777,0.12148114296154366,True,13,OK,337.2
64,2.9267188658239984,1.5370890926987322,2.5893857965094425,2.714176670442003,,,,,,,,,,,FAIL_EROSION_SOLVE,367.1
65,3.584150703297917,0.9595795510952025,2.1396697709567434,2.5797062027337323,1.07421875,3207.5783846109207,86.61356922045377,468.5699131072294,496.186228698404,399.76471094571934,425.8305675458642,1.9766665430613672,True,12,OK,308.4
66,3.256161453784092,1.3784419503173555,2.2338222643501395,2.739954099577138,0.927734375,3259.741019730304,56.32372868837288,581.4810569920378,610.6402411857251,496.5238780285024,523.7442228158628,2.058406210538244,True,11,OK,276.7
67,3.107882413532426,2.034996783228846,2.3738486622183754,2.358961111334424,0.732421875,3243.0614841970905,61.12399693526541,568.7323913260411,596.2164914945888,500.82275538259756,526.3054587785763,-1.9217482264300978,True,13,OK,530.2
68,0.8482517131271634,1.627147121419157,3.682715795258398,2.840856498978519,0.830078125,3211.13538362899,85.37932246226295,264.53849080157903,284.4006845264495,226.26737277397436,244.8679220148453,-2.6409650457861256,True,11,OK,251.8
69,3.943907221433853,1.8729778025577979,1.723020860977264,1.7230058306589786,0.78125,3204.5883533390547,62.30764521547981,459.32076033757903,487.1089049305779,418.5010197533539,445.1102277669167,-2.7183565353175565,True,12,OK,548.1
70,3.759778384476891,2.2832894708960443,2.010413792613828,1.2684210949774073,0.78125,3262.7486961926584,52.10485249770226,405.89896304664654,431.87091308139077,354.201841675984,378.8007801695645,-2.503458349969234,True,12,OK,317.5
71,3.4993907613977977,1.682302025283808,2.1546582924132376,2.2981670604428674,0.830078125,3239.727281537592,56.47131829221746,574.8244594000491,604.0056943804086,504.89565748952066,531.9661946143709,-0.6498730293023947,True,15,OK,461.1
72,3.0447945429040173,1.7612006602419505,2.4806270324155313,2.5443836094257777,,,,,,,,,,,FAIL_EROSION_SOLVE,344.5
73,3.616248310918994,1.9662775157800465,2.2873564665168202,1.6806252645361068,0.78125,3254.9585089251664,42.576566090684665,508.0701495349846,536.2664996285614,458.32222984710523,485.26457656843877,-0.13169778195567527,True,12,OK,309.8
74,2.8584341990392614,1.5176448949228445,3.1011598386881194,2.21560726609778,0.927734375,3270.024437934517,45.654342449635266,631.2746015771667,661.3398042947683,544.0961667429689,572.2495348280069,5.094867238342127,True,12,OK,265.3
75,2.8675496495293546,1.4111190322472142,3.2082287600074517,2.1197099584081793,0.9765625,3270.7236280139996,42.01121531858879,627.9936527014532,658.489016031764,541.0923310367468,569.6840805892269,5.999270149512881,True,11,OK,259.3
76,2.6048300193167604,1.249071754569445,3.8686092048842533,1.299439549301114,1.123046875,3249.696987571735,30.418521469658124,554.7940803318508,585.6113882540934,507.75382211666204,537.3746236427808,7.754335944246938,True,11,PRUNE_LIFETIME,273.9
77,2.447199473600138,1.5485537928140658,3.1560579778105033,2.579242898191455,0.830078125,3213.723886522985,76.51971937923733,554.1136642612081,581.4886433877627,476.7950366297091,502.28222438885297,3.041252197257871,True,12,OK,233.0
78,2.831607185716133,1.418436817176756,3.274663521104208,2.0607320459068967,0.9765625,3259.083151072574,47.41625658799697,623.6414714500831,654.1062644355314,539.5562294059567,568.2393991229786,6.14544617970032,True,12,OK,281.5
79,2.843130765789413,1.4853573514384624,3.294597042462177,1.9636576368982697,0.9765625,3257.385921005393,53.21544087527927,642.0137334044248,672.956383096668,550.7940132295563,579.728635173035,6.315809560233376,True,12,OK,294.6
80,2.8511566706002514,1.3915922297586518,3.2587388533337283,2.077257276203459,0.9765625,3251.2773955445446,50.481337765093244,615.3868578520353,645.7676501064873,530.47868926469,559.0000662109201,6.143279446325433,True,12,OK,299.6
81,2.8376938294115495,1.3954956769290479,3.309296758528748,2.0121233834392656,0.9765625,3235.2676635379753,59.51793517887031,611.7414649231425,642.2271034106974,526.3547463743718,554.9079841533721,6.399903075286318,True,11,OK,292.4
82,2.877413765517145,1.0438344887296187,3.2644181874637237,2.2303527701928854,1.07421875,3242.967529666833,54.8659825308549,521.8009514548949,550.3437813777368,442.861255468345,469.706976638507,5.997990722137169,True,12,OK,275.4
83,2.6583148706350483,1.388983333811633,3.4198460153618173,2.075750605965946,0.9765625,3252.354584434188,46.82871496574703,609.768688238401,639.9804843243188,529.4870615715479,557.9472467262443,6.2022870605472065,True,11,OK,274.1
84,2.667775694568761,1.1882511674199328,3.4398338352044284,2.15373517238683,1.025390625,3246.7053195024305,48.97633790731674,564.4656483366708,594.0228592882752,483.30230783375197,511.0222686712491,5.988577754870661,True,11,OK,228.4
85,2.8136565410237324,1.4264325258532167,3.2734524856968417,2.0816185871161763,0.9765625,3268.3637298785115,44.087313374627044,627.308699470404,657.7276823276721,543.2201389646939,571.8944025590603,6.134817584867447,True,11,OK,298.4
86,2.507738854357803,1.4092816907086734,3.072107577493199,2.699504766968635,0.87890625,3246.672432661637,54.663523348094465,547.3425740982461,574.3090555734551,471.1987740798189,496.52994029157367,3.2684501250319076,True,11,OK,299.5
87,2.1484246256027535,0.8493658859996238,3.6430043930087046,2.5281155456827964,1.123046875,3257.2214940119493,47.58781302635172,427.58626340744735,453.3236728110818,361.78670923386926,385.77189565749165,3.9637973435313945,True,11,OK,302.8
88,2.7705698321568333,1.3047371196197375,3.295937728160725,2.18137533357182,0.9765625,3237.1183133296568,55.74540816147497,583.2774264122186,612.9701665913434,500.9855786262827,528.8344004069493,5.797837779489134,True,12,OK,395.1
89,2.9476533730538512,1.4581538729948922,3.412126967000413,1.5945270258176283,0.9765625,3215.4252488766583,54.918680315532576,573.234988715052,603.6237270536682,520.5451291406532,549.7022209723009,7.042765109277882,True,12,OK,382.4
90,2.8421785971629108,1.2143741567724629,3.5342454215591523,1.7194259301814687,1.123046875,3270.1125802892725,34.83520904713988,621.6285017602097,653.1385096861786,541.053283620906,570.8324917255561,7.832080749229997,True,11,OK,357.3
91,2.857785674980282,1.2092220413303185,3.2161138711519786,2.2421986215369643,1.025390625,3272.4407827992195,39.332888175531004,579.6131711097487,609.1592283645241,497.3049044521362,525.1160236437139,5.826025032923932,True,11,OK,319.7
92,2.719556319407625,1.0864544053073464,3.5397016948231776,1.9733580928012622,1.07421875,3220.695555349437,60.87422145853025,538.0670146485262,567.5913970166686,460.74757915385663,488.52378350068074,6.540138855493094,True,12,OK,308.0
93,2.4466718058644172,1.3280759407862053,3.7310115489822864,1.8247093443213873,1.025390625,3230.132793989986,53.68554745044411,590.8912745288837,621.1750685737899,521.106084207887,550.0089048013127,6.569158365110328,True,12,OK,297.1
94,2.818762684326051,1.53128460584322,3.3887318023287576,1.796174033117131,0.969001038821846,3240.6261138213977,72.73896954276307,627.0904769148568,658.0328870573004,539.382079112561,568.2995292199881,6.55005044798691,True,12,OK,378.3
95,2.6254558395190633,1.514944722500812,3.35577727874386,2.1332329872680673,0.927734375,3248.138882911411,52.991117773707344,620.5206644439884,650.5988803094516,535.1199434404845,563.2168187444391,5.6649581841540115,True,11,OK,363.2
96,2.612478665833673,1.5063541956148132,3.0367869440630604,2.585300236778255,0.87890625,3271.7356421111726,42.551560176561125,594.9640880998116,623.282590921989,508.7438149240666,535.0144052867322,3.690176463189754,True,11,OK,371.9
97,2.3050076770406434,1.6106571962138008,3.3575974698493254,2.412314704910991,0.830078125,3208.6515654581704,82.79887493193797,563.1853470942085,591.1104156615028,485.03070436151734,510.96366412856014,3.150943862579403,True,12,OK,389.5
98,2.9604669971965576,0.9345412618086226,3.525622930086951,1.712381599799604,1.220703125,3263.668525305978,37.96704786714532,528.1880057407457,558.019692045269,454.23262534350386,482.47762053737733,7.740760833451721,True,12,OK,318.4
99,2.687701264343782,1.4746905622955502,3.204493786081272,2.3092789424596987,0.87890625,3198.5975785464398,88.34780391445234,571.7936241539209,600.6170558629965,491.0417009204457,517.9602213660758,4.555115231958318,True,13,OK,399.4
100,2.5510002938066725,1.1449306085135236,2.9149405442348417,2.9469735367429086,0.927734375,3202.8271445431706,84.88940233960804,469.0419786477672,494.0878207528123,397.47126915430437,420.9432654913266,2.534183188273842,True,13,OK,622.4
101,2.824253360452379,1.4211584961145136,3.3306324379572354,1.977571502657241,0.9765625,3236.160458354105,59.66062862388775,617.2009220171257,647.7642902094947,532.9198816829703,561.6307994056931,6.408212874346053,True,12,OK,372.2
102,2.813591444508944,1.2795876301280804,3.3725345498464097,2.018011246326827,1.025390625,3255.423414727513,43.97036414843482,604.5244752321646,635.0914324699194,520.4731716573431,549.139186727454,6.690182411360501,True,11,OK,375.1
103,2.994958076605919,1.4123786078994278,3.4893059646007174,1.3638756074961187,0.9765625,3202.4906604509465,52.80991912332596,509.0456688184379,538.5474309060249,464.46112869556947,492.804436527603,7.129052577186446,True,12,OK,380.6
104,2.6374250777663883,1.3386653241796178,3.75789616085302,1.459513807147494,1.07421875,3236.3136312774946,43.494012261410646,585.5350764883511,616.5724844403203,530.4476568864807,560.2339641897486,7.423408640911189,True,11,OK,360.3
105,2.776995666651063,1.5198547430293012,3.7748938877587586,0.85352959155153,0.927734375,3211.3245076410344,104.31603929470305,307.2893485371136,331.66364579569426,265.3449415977841,288.3329339533157,4.57241653373276,True,12,OK,362.2
106,2.3984553390100487,1.2470953435558876,4.050239845945869,1.134778560410707,1.07421875,3203.5604032191295,47.94045771164721,466.31214394217244,495.23166550301255,426.74304117388914,454.6230895240965,6.931167931807769,True,12,OK,366.3
107,2.8889739368906113,1.6023021956680605,3.2320482473835845,1.9079626286457432,0.927734375,3241.662718823322,77.23222154157733,628.1641172957096,658.7473670477642,536.7427251414066,565.1720788166475,5.914194435045406,True,12,OK,392.1
108,2.8974159321498325,1.6416070747606906,3.238762129482194,1.8494666790326155,0.927734375,3267.755862990408,44.423055657077256,629.6422244158691,660.2484721850662,559.1795930726074,588.1599489985581,6.090823209605556,True,13,OK,399.1
109,2.7528408990352204,1.6547514607668021,3.034827854949063,2.3395479218247193,0.830078125,3206.4213022284807,90.83377843573783,587.9973302810544,616.6441941533851,503.8962290064731,530.4588005231831,3.7250071378327365,True,13,OK,426.3
110,2.92240079527123,1.5902704514191532,3.1276446185531857,2.0367750546333054,0.927734375,3251.1923622841027,68.88136507189415,642.8775048849391,673.5104416568679,541.3691841168603,569.6326214293415,5.418424484467588,True,11,OK,378.7
111,2.931061107128015,1.5506510113436227,3.134101061501395,2.0449383275777104,0.927734375,3237.921203446018,72.46269671907913,626.5585558788127,656.8760794570977,533.9527967548453,562.1727777338359,5.5838213782602235,True,12,OK,333.6
112,2.911255128514914,1.5703728673349444,3.1996248461493844,1.9547182605524933,0.927734375,3223.4996749875504,109.84878753902177,624.6071999537812,655.1182994188056,516.8825371003569,544.8352129966969,5.77036441763481,True,15,OK,423.7
113,3.0529389603542114,1.4808512264069411,3.101750494900939,1.9661605267582263,0.9765625,3259.3000010191445,61.680570044697845,638.9827562814966,669.8467167145385,541.9070602943912,570.6402010669333,6.028357766463344,True,12,OK,369.6
114,3.0657462504584037,1.616641412759171,2.983215865841419,2.021903451736582,0.87890625,3205.6608118857616,117.910009163212,600.8063340710938,630.7169864042145,506.0294419524067,533.5059029523118,4.85469891870901,True,15,OK,449.9
115,0.9722715428484088,1.7543314207854603,2.7661307170891716,3.6504150680419603,0.78125,3202.0752321049877,90.9402289275152,290.5996189242746,310.07773661020406,245.8021333895817,263.93829314671063,-2.711693194417264,True,12,OK,330.5
116,3.06707871684714,1.4806130308944143,3.0821125526683115,1.9751950309003368,0.9765625,3262.437812052256,60.09175170913669,645.0289083918045,676.1352368033228,541.8360344984395,570.521024683866,6.107038061015057,True,12,OK,390.7
117,3.0379903473703886,1.6685579848881795,3.1068230779898456,1.825973510875759,0.87890625,3223.5437654849966,59.934435878272275,585.1666552300587,614.9950724613719,527.2964720458218,555.7271918862327,5.375120955736945,True,12,OK,358.0
118,3.2347610788869554,1.4883522071508912,3.245158867988429,1.3379358697274053,0.927734375,3201.4773086515493,56.78792830463328,478.73028745125174,507.4348380265786,434.9156328113081,462.48241833989755,6.420635387043028,True,12,OK,387.7
119,2.9666755736919708,1.8046454450226777,3.1615927941776305,1.7165144514458366,0.830078125,3209.263937820981,63.91142132309208,547.0437244258059,576.0078475188333,496.3071454897345,524.0611842479472,4.735716940835932,True,12,OK,350.0
120,3.1395245244194303,1.3450546819363234,2.968767539178647,2.126178017356328,0.9765625,3244.200834264479,58.00845240249335,597.7394163629544,627.7976365085726,513.4644623889014,541.6743019396151,5.451426815725169,True,11,OK,305.6
121,2.8826785924386567,1.4862892432855934,3.38322436902948,1.742096807526636,0.9765625,3224.9598381192563,73.18511813312918,608.9620779034215,639.7231388210953,532.1193545761287,561.0950860568687,6.944346182839967,True,13,OK,425.4
122,2.725783814063098,1.5913256333334642,3.0832583585141617,2.351872280192961,0.87890625,3259.5846572960786,50.063341287130534,618.7484316734499,648.0655420859009,531.8800701387089,559.1627332649489,4.284987913491212,True,11,OK,287.4
123,3.0152905925229683,1.4673702759318383,3.2870130009000476,1.717670704142174,0.9765625,3226.3223673040275,61.07665494091712,599.4476993326081,630.1364960699215,532.7311478643738,561.8228867299691,7.048369446562086,True,12,OK,392.5
124,2.5474972631778012,1.2058680561018225,2.8639253437343752,2.9755791958693965,,,,,,,,,,,FAIL_EROSION_SOLVE,512.2
125,2.804880535328117,1.6930514308155624,3.1793658285680437,2.039081892245789,0.87890625,3226.3251226033917,120.20562894360037,622.0524689857951,651.9775600605587,512.2769977514679,539.5409858035772,4.994857158038357,True,16,OK,470.3
126,3.072659120798574,1.5468810357688507,3.2432974759415893,1.6269439053338428,0.927734375,3218.9532521877854,52.049358244787776,560.8849882694398,590.7966425088456,511.7475131785219,540.4980099314711,6.550456521246517,True,11,OK,389.2
127,2.8858323487325435,1.4355179724531544,3.464850763281509,1.614332367872348,1.025390625,3261.079423584517,38.24502494690218,611.6826097252354,642.7836461137529,551.8395035048609,581.6166120915907,7.3963264270559215,True,13,OK,398.8
128,3.288439717094085,1.2786407638158808,3.3131466034439376,1.2547117630095033,1.025390625,3211.615610605916,43.885544034162976,481.19953157934617,510.39478930013365,438.63325779714717,466.60042722258936,7.612059608010712,True,11,OK,376.9
129,2.8823288408482024,1.141228931283832,3.5692519094143424,1.6279489509064744,1.171875,3270.278400809414,34.32395088806466,609.4499572580829,640.9347075940417,529.7508976333726,559.5521023669255,8.158586428389746,True,12,PRUNE_LIFETIME,308.3
130,3.175861076846195,1.3460482040136426,3.0398964394131682,1.9649657225224348,1.025390625,3272.521992492598,45.89972456190012,628.6826384460162,659.683818964714,538.2268811084363,567.228776843028,6.451135571603861,True,12,OK,243.9
131,3.155502972234732,1.45857569444689,3.0478038090986215,1.9042714819663917,0.9765625,3238.1725866348256,100.71159595486895,625.1480858518561,656.0449292712875,512.8127423618922,541.0410426320789,5.997859637856939,True,14,OK,267.8
132,2.9806478672870913,1.3588717118475697,3.447823074551989,1.5432828673202592,1.025390625,3212.283381975053,56.34244215325976,574.4255052278406,605.1462932938728,518.5787129260304,547.9345045241416,7.5050843852823785,True,13,OK,270.7
133,2.8987176363028238,1.2999985383169002,3.5090525452943977,1.6105868805264136,1.07421875,3210.273482719189,132.91412282503222,604.8230433465636,636.0961223504402,494.6366487925258,523.3226504818266,7.717305889362979,True,16,OK,321.4
134,3.0646635888735476,1.428752178234554,3.123551657818456,1.9519040297008192,0.9765625,3233.328946256893,73.16814024699568,621.5741114660832,652.4040566106947,526.1739299130381,554.7695913657939,6.171758356030754,True,12,OK,247.0
135,2.7223504997814705,1.044976004771247,2.857126626031452,2.8868079861005698,1.025390625,3270.032544066943,42.85958720198007,495.0968924594541,521.2832901134575,415.8747326407276,440.2623211864978,2.5239737223560876,True,12,OK,438.5
136,3.185894678596138,1.6030512568899427,3.22794306123542,1.3640694110266125,0.927734375,3272.6663592101163,30.80947247341556,506.73336291061025,535.7703332671817,459.1217259519427,487.03177569689,6.0654359030343,True,12,PRUNE_LIFETIME,268.4
137,2.8057425888532075,1.3491358338032904,3.019832259393108,2.487620178438002,0.927734375,3248.415219385871,51.71446780190198,571.8390837939888,600.3500930240529,490.61531529937423,517.3260432094545,4.301884470763273,True,11,OK,265.7
138,2.9934146661134107,1.2479909069433985,2.921907124868639,2.438123476472349,0.9765625,3257.925767056928,50.19708136335475,567.4005297822159,596.2329485550522,479.12280651186074,505.92048770106163,4.867028619968073,True,11,OK,271.7
139,3.3245365547896313,1.5193796936194082,3.189603270451391,1.2105259268641346,0.927734375,3235.8022323269715,45.50893348037829,445.63804074594356,473.6939851063594,398.7571408821227,425.5011605562477,5.920098287901865,True,11,OK,253.9
140,2.934855718242766,1.63730457649705,3.4192931925716405,1.4192567421410371,0.927734375,3271.3521293437775,31.34122190642641,528.5924967984948,557.8902825407283,479.9360504661365,508.1127871112085,6.512419569709649,True,12,PRUNE_LIFETIME,287.0
141,2.607682437896801,3.5779919037734507,2.174395111595956,0.8185182577583976,0.830078125,3247.1709042909465,119.90080179671583,263.49230279950285,284.7025008112766,218.84261026843402,238.50951200523568,-2.1809973764836066,True,15,OK,280.6
142,2.6932497949899417,1.4166928831346532,3.3326446381477917,2.152409471380164,0.927734375,3210.7446348335434,74.34123099443433,579.8871024270148,609.226274585307,503.2943492675021,530.9871384652112,5.633173270685199,True,12,OK,227.0
143,2.8433000560107646,1.5699206809130606,3.4742454689056195,1.5429232867901848,0.927734375,3213.5968381940866,53.67629416180208,550.0202604503706,579.8444681681069,499.81445526688856,528.4088276347198,6.59143681068044,True,12,OK,260.3
144,2.7721567883803817,1.7069885020233064,3.3553977231386436,1.7727501555923786,0.87890625,3217.7538059182507,63.56132020295805,587.4529660461109,617.4064162946579,525.6664716756862,554.0595901371324,5.584007584129047,True,12,OK,262.3
145,3.0950708701701757,1.5060043481446106,3.272706829495223,1.562650703186378,0.9765625,3270.298216314313,29.759300887849186,581.6454728001851,612.2091706422045,530.6038641671112,559.9324658591178,6.972272048049987,True,12,PRUNE_LIFETIME,274.1
146,2.619402664990876,1.3656175337382548,3.1308722405723386,2.54390594232548,0.927734375,3270.805596391203,42.94396135212401,576.3292525483118,604.5845776858813,495.3331631197918,521.8746348600919,4.074416485385868,True,11,OK,246.0
147,2.8821833692287426,1.457794564585907,3.0750480670087614,2.260958517795212,0.927734375,3254.1609312264654,51.37527822399956,610.5301954043517,640.2414134907509,525.5894684050941,553.4159145018724,5.033489407274317,True,11,OK,205.7
148,1.7834675574309786,4.277939407474227,1.6923080258200414,0.8090558962861055,0.87890625,3179.034640337135,171.5908370183804,264.75683077063354,287.75023151841737,224.92540191001447,246.4285227935168,-1.9530299178377009,True,19,OK,356.0
149,2.5083551316287487,1.302071765705024,3.584793147755971,2.040103364633117,0.9765625,3209.7869550457744,71.53251434247218,563.2634126521322,592.704492925965,486.9699099374703,514.6839073782601,6.409708282796355,True,12,OK,269.2
